<keymap version="1" name="macOS copy" parent="Mac OS X 10.5+">
  <action id="ActivateLogcatToolWindow">
    <keyboard-shortcut first-keystroke="meta 6" />
  </action>
  <action id="ActivateProblemsViewToolWindow" />
  <action id="Android.SyncProject">
    <keyboard-shortcut first-keystroke="meta g" second-keystroke="g" />
  </action>
  <action id="Diff.ApplyLeftSide" />
  <action id="FindNext" />
  <action id="Forward">
    <keyboard-shortcut first-keystroke="meta close_bracket" />
    <mouse-shortcut keystroke="button5" />
  </action>
  <action id="GotoFile" />
  <action id="NextOccurence" />
  <action id="OptimizeImports">
    <keyboard-shortcut first-keystroke="shift meta o" />
  </action>
  <action id="SplitHorizontally">
    <keyboard-shortcut first-keystroke="meta alt down" />
  </action>
  <action id="SplitVertically">
    <keyboard-shortcut first-keystroke="meta alt right" />
  </action>
  <action id="android.deploy.ApplyChanges">
    <keyboard-shortcut first-keystroke="ctrl meta e" />
  </action>
  <action id="android.deploy.CodeSwap">
    <keyboard-shortcut first-keystroke="shift ctrl meta e" />
  </action>
</keymap>