<application>
  <component name="FindSettings">
    <option name="customScope" value="All Places" />
    <option name="defaultScopeName" value="All Places" />
    <option name="SEARCH_SCOPE" value="All Places" />
    <mask>*.css</mask>
    <mask>*.html</mask>
    <mask>*.xml</mask>
    <mask>*.jsp</mask>
    <mask>*.properties</mask>
    <mask>*.java</mask>
    <mask>*.kt*</mask>
    <mask>*.json</mask>
    <mask>settings</mask>
    <mask>*.kt</mask>
    <mask>*ViewModel.kt</mask>
  </component>
</application>